angleToTrackAxis,trackPosition,14Sensor,13Sensor,12Sensor,11Sensor,rxSensor,ctrSensor,sxSensor,7Sensor,6Sensor,5Sensor,4Sensor,rpm,xSpeed,ySpeed,class
0.003085,0.003337,0.084742,0.105784,0.120332,0.138386,0.162575,0.198843,0.258473,0.373241,0.680645,1.000000,0.059683,-0.811504,-0.000001,0.000006,1
0.003085,0.003337,0.084742,0.105784,0.120332,0.138386,0.162575,0.198843,0.258473,0.373241,0.680645,1.000000,0.059683,-0.200380,-0.000001,0.000006,1
0.003085,0.003337,0.084742,0.105784,0.120332,0.138386,0.162575,0.198843,0.258473,0.373241,0.680645,1.000000,0.059683,0.916790,-0.000001,0.000006,1
0.003085,0.003337,0.084742,0.105784,0.120332,0.138386,0.162575,0.198843,0.258473,0.373241,0.680645,1.000000,0.059683,0.916790,-0.000001,0.000006,1
0.003679,0.003337,0.084565,0.105509,0.119989,0.137962,0.161968,0.197913,0.256875,0.369887,0.669545,1.000000,0.059988,-0.811504,0.001905,0.000053,5
0.004039,0.003340,0.084472,0.105358,0.119798,0.137729,0.161909,0.198218,0.258050,0.373693,0.686625,1.000000,0.060149,-0.811504,0.011831,0.000062,1
0.007004,0.003325,0.083514,0.103905,0.118007,0.135557,0.159487,0.195485,0.254976,0.370568,0.687455,1.000000,0.061948,-0.723402,0.022872,0.000414,5
0.007748,0.003316,0.083246,0.103512,0.117528,0.135213,0.160149,0.198210,0.262626,0.393504,0.796495,1.000000,0.062486,-0.592902,0.034194,0.000601,1
0.013426,0.003245,0.081242,0.100571,0.113946,0.131250,0.156085,0.194336,0.260041,0.397441,0.856535,0.882250,0.067005,-0.394136,0.049387,0.000824,5
0.016285,0.003144,0.079911,0.098738,0.111907,0.130006,0.156509,0.198484,0.274074,0.448161,1.000000,0.370434,0.070491,-0.156994,0.067885,0.000084,1
0.031890,0.002798,0.074123,0.090536,0.102488,0.119119,0.143498,0.182167,0.251988,0.413698,1.000000,0.487279,0.092153,-0.407238,0.081694,0.000005,1
0.049240,0.002162,0.067054,0.081222,0.091946,0.106871,0.128749,0.163455,0.226132,0.371359,1.000000,0.627145,0.118836,-0.289750,0.093911,-0.000009,5
0.052682,0.001309,0.062299,0.076928,0.088352,0.104696,0.129669,0.172007,0.258315,0.526505,1.000000,0.342082,0.118535,-0.208776,0.105925,0.001252,5
0.063618,0.000161,0.056200,0.070473,0.081841,0.098475,0.124788,0.172079,0.280520,0.774470,0.970665,0.294703,0.124625,-0.111266,0.119953,0.001004,5
0.059027,-0.001211,0.050622,0.064701,0.076212,0.093570,0.122373,0.178762,0.336272,1.000000,0.551090,0.258077,0.126721,0.003436,0.135105,0.000811,5
0.042333,-0.002418,0.046581,0.061332,0.073928,0.093933,0.130143,0.214432,0.622040,1.000000,0.362522,0.217198,0.122301,0.176540,0.150899,-0.000134,5
0.025257,-0.003399,0.043654,0.059589,0.073991,0.098562,0.149266,0.312307,1.000000,0.528665,0.276922,0.188565,0.116908,-0.127994,0.159128,-0.000234,1
0.016271,-0.004013,0.041303,0.057630,0.072935,0.100348,0.162764,0.439424,1.000000,0.426860,0.251273,0.179002,0.115466,-0.049108,0.169325,-0.000173,1
0.010494,-0.004486,0.039144,0.055468,0.071180,0.100376,0.172404,0.627360,1.000000,0.385002,0.239469,0.174744,0.115287,-0.013770,0.180317,0.000513,1
0.007691,-0.004787,0.037535,0.053609,0.069296,0.099028,0.175785,0.809040,0.879350,0.370170,0.235563,0.173715,0.115785,0.063162,0.192930,-0.000090,1
0.003796,-0.005038,0.036465,0.052683,0.068837,0.100378,0.187904,1.000000,0.749195,0.348331,0.228047,0.170477,0.115171,0.132496,0.204588,0.000485,1
0.001841,-0.005106,0.036341,0.052820,0.069411,0.102331,0.197514,1.000000,0.695985,0.337291,0.223703,0.168305,0.114444,0.200564,0.216918,0.000148,1
0.002312,-0.005186,0.035658,0.051751,0.067912,0.099851,0.191259,1.000000,0.712580,0.342045,0.226164,0.169898,0.115349,-0.054132,0.220912,0.000084,1
0.000794,-0.005275,0.035287,0.051457,0.067833,0.100621,0.197675,1.000000,0.676515,0.334599,0.223394,0.168632,0.115058,-0.014828,0.228878,0.000576,5
-0.012146,-0.004947,0.040610,0.061939,0.085438,0.139376,0.386001,1.000000,0.448071,0.265533,0.189697,0.148434,0.105226,0.006234,0.236802,-0.000258,1
-0.012244,-0.004425,0.044833,0.068406,0.094396,0.154127,0.428590,1.000000,0.431358,0.255889,0.182886,0.143139,0.101501,0.057366,0.245128,-0.000009,1
-0.011667,-0.003881,0.049038,0.074658,0.102784,0.166953,0.453562,1.000000,0.421136,0.248324,0.177028,0.138357,0.097956,0.080996,0.253654,-0.000502,1
-0.006981,-0.003506,0.050643,0.075789,0.102510,0.160211,0.373016,1.000000,0.464726,0.259455,0.180919,0.139697,0.097609,0.121394,0.262092,0.000013,1
-0.007091,-0.003168,0.053311,0.079813,0.107994,0.168924,0.394502,1.000000,0.451679,0.252528,0.176185,0.136082,0.095113,0.165726,0.270706,0.000030,1
-0.002620,-0.002849,0.054411,0.080225,0.106901,0.162002,0.339663,1.000000,0.505305,0.265106,0.180622,0.137767,0.095015,0.197494,0.279594,0.001047,1
-0.002736,-0.002705,0.055543,0.081925,0.109207,0.165624,0.348100,1.000000,0.497758,0.261621,0.178362,0.136089,0.093891,0.234242,0.288090,-0.000029,1
-0.000829,-0.002576,0.055931,0.081983,0.108619,0.162724,0.329225,1.000000,0.525465,0.267635,0.180461,0.136910,0.093898,0.273616,0.296516,0.000615,1
-0.000066,-0.002543,0.055951,0.081812,0.108134,0.161237,0.321634,1.000000,0.538380,0.270542,0.181586,0.137442,0.094035,0.058828,0.302834,0.000123,1
-0.000044,-0.002534,0.056006,0.081887,0.108226,0.161351,0.321733,0.972510,0.538450,0.270471,0.181514,0.137377,0.093984,0.031616,0.301172,0.000112,0
-0.000058,-0.002523,0.056099,0.082026,0.108414,0.161645,0.322400,0.906265,0.537680,0.270150,0.181315,0.137232,0.093889,0.017384,0.297064,0.000193,0
0.012135,-0.002794,0.050736,0.071570,0.091468,0.128041,0.216088,0.696320,0.945395,0.352796,0.216287,0.156807,0.102814,0.004794,0.293056,0.001392,0
0.011916,-0.003371,0.046720,0.065944,0.084324,0.118154,0.199855,0.642395,0.876010,0.366891,0.225372,0.163537,0.107317,-0.009388,0.289292,0.000377,0
-0.001333,-0.003863,0.046361,0.068066,0.090324,0.135745,0.277307,0.715320,0.575495,0.292445,0.197777,0.150276,0.103228,-0.114808,0.271374,-0.003455,3
-0.005886,-0.003758,0.048372,0.072115,0.097160,0.150618,0.340618,0.687185,0.488746,0.268952,0.186500,0.143577,0.100000,-0.208072,0.240492,-0.000081,0
-0.006535,-0.003482,0.050699,0.075754,0.102299,0.159346,0.366534,0.641815,0.483004,0.260835,0.181472,0.139955,0.097662,-0.169680,0.237530,0.000499,1
-0.006844,-0.003169,0.053224,0.079614,0.107629,0.168038,0.389771,0.593890,0.722850,0.253542,0.176675,0.136368,0.095246,-0.150740,0.241190,0.000629,1
0.003648,-0.002901,0.052210,0.075464,0.098644,0.143958,0.270082,0.488951,0.612290,0.297991,0.195287,0.146059,0.098723,-0.141882,0.246386,0.002653,1
0.003380,-0.002998,0.051567,0.074596,0.097584,0.142622,0.268662,0.439058,0.552525,0.299017,0.196115,0.146809,0.099320,-0.128344,0.251628,0.000702,1
0.002817,-0.003100,0.050971,0.073861,0.096782,0.141894,0.261712,0.385718,0.488006,0.600480,0.196294,0.147216,0.099783,-0.165426,0.250218,0.000778,3
0.003721,-0.003171,0.050207,0.072553,0.094819,0.138321,0.233111,0.330728,0.422476,0.520925,0.200519,0.149209,0.100828,-0.222604,0.226496,0.001215,0
0.003304,-0.003258,0.049678,0.071881,0.094053,0.137474,0.207030,0.285473,0.366970,0.454843,0.572430,0.149911,0.101257,-0.209632,0.228010,0.000876,1
-0.036000,-0.002924,0.066492,0.111293,0.151959,0.206345,0.271675,0.343662,0.432316,0.545745,0.138027,0.109104,0.081517,-0.223466,0.226918,-0.006570,1
-0.047722,-0.001324,0.084729,0.127844,0.162117,0.206981,0.261969,0.325642,0.419731,0.522975,0.120694,0.093219,0.068536,-0.199422,0.231030,0.000213,1
-0.041226,0.000625,0.087770,0.121817,0.147795,0.181926,0.225194,0.278189,0.359670,0.457668,0.142135,0.092179,0.062207,-0.180658,0.236002,0.000748,5
-0.035046,0.002306,0.096603,0.130688,0.155946,0.188542,0.230858,0.298342,0.387567,0.473734,0.112534,0.076698,0.051933,-0.189174,0.236452,-0.000979,0
-0.003724,0.003127,0.089001,0.115176,0.134297,0.159088,0.194038,0.251116,0.329031,0.408914,0.488261,0.100236,0.055343,-0.182334,0.236166,0.000694,1
-0.001084,0.002884,0.086590,0.111923,0.131854,0.161920,0.211348,0.276786,0.348657,0.423411,0.498527,0.110376,0.058581,-0.191234,0.235980,-0.003590,2
-0.031683,0.003127,0.104234,0.154064,0.197278,0.250960,0.313052,0.380637,0.450973,0.129520,0.088621,0.067745,0.046851,-0.187904,0.232000,-0.011943,1
-0.007299,0.003724,0.107217,0.153207,0.187299,0.230190,0.281597,0.340036,0.403363,0.123970,0.083782,0.064747,0.045282,-0.182986,0.236054,0.000490,1
-0.007923,0.004082,0.105911,0.142108,0.168423,0.201844,0.243092,0.291997,0.347438,0.407670,0.083100,0.061178,0.042565,-0.159074,0.240852,0.000816,1
-0.001188,0.004481,0.096183,0.123104,0.142451,0.167212,0.198538,0.237238,0.283398,0.336216,0.394206,0.075848,0.044281,-0.140774,0.247154,0.000770,1
0.017072,0.003881,0.086407,0.108820,0.124950,0.145743,0.172440,0.206192,0.247653,0.296612,0.351944,0.411938,0.056817,-0.157068,0.245968,-0.001759,2
0.010640,0.003132,0.084135,0.107113,0.123822,0.145515,0.173525,0.209024,0.252555,0.303673,0.361000,0.422647,0.061491,-0.169192,0.242606,-0.003984,0
0.012604,0.002397,0.079226,0.101047,0.117034,0.137944,0.165195,0.200090,0.243311,0.294478,0.352183,0.414448,0.070311,-0.178810,0.239514,-0.002524,2
0.002483,0.001896,0.079400,0.102796,0.120119,0.142909,0.172659,0.210589,0.257067,0.311275,0.371453,0.435477,0.069705,-0.189934,0.236238,-0.003364,2
-0.048220,0.002221,0.102524,0.141145,0.169694,0.206144,0.251012,0.303700,0.362623,0.425731,0.091830,0.069098,0.049236,-0.217768,0.228248,-0.018155,2
-0.047660,0.003677,0.112318,0.152267,0.181128,0.217399,0.261492,0.312873,0.370155,0.116148,0.070670,0.054817,0.039695,-0.229512,0.224910,-0.003042,2
-0.044694,0.005384,0.122055,0.162463,0.191027,0.226440,0.269082,0.318541,0.373664,0.072610,0.050105,0.039635,0.029004,-0.237006,0.222622,-0.002155,0
-0.014601,0.006563,0.114125,0.146261,0.168861,0.197137,0.231919,0.273567,0.321745,0.375958,0.051024,0.036733,0.024777,-0.231790,0.221798,0.000300,1
0.000447,0.006669,0.108293,0.136728,0.156709,0.181819,0.213005,0.250909,0.295586,0.350051,0.065322,0.041501,0.026157,-0.218652,0.225166,-0.001451,5
0.004214,0.006566,0.106209,0.133690,0.153015,0.177340,0.207642,0.244631,0.290989,0.368716,0.076949,0.045010,0.027649,-0.197360,0.228648,-0.000907,5
0.003544,0.006262,0.104737,0.132124,0.151439,0.175806,0.206227,0.247702,0.322499,0.805695,0.089755,0.049371,0.030106,-0.187720,0.233104,-0.001983,5
0.021225,0.005810,0.095861,0.119148,0.135589,0.156449,0.184856,0.229399,0.343183,0.669330,0.466522,0.078698,0.038549,-0.170246,0.238116,-0.000335,5
0.026160,0.004608,0.087677,0.109047,0.125120,0.148073,0.185272,0.277281,0.633830,0.463837,0.295230,0.142273,0.053206,-0.150042,0.242516,-0.002737,5
0.042324,0.003014,0.075211,0.095195,0.111561,0.137846,0.191488,0.645865,0.494646,0.354610,0.238247,0.156778,0.079542,-0.131750,0.247526,-0.001190,5
0.053618,0.000785,0.063605,0.083447,0.101430,0.133867,0.259077,0.530895,0.400547,0.291096,0.209300,0.154091,0.094923,-0.117260,0.253060,-0.000166,1
0.047044,-0.001608,0.051971,0.070172,0.087427,0.121036,0.608355,0.477810,0.363514,0.271982,0.205071,0.158943,0.105846,-0.104934,0.258898,0.000057,1
0.029606,-0.003394,0.043995,0.061680,0.079659,0.120211,0.541765,0.423522,0.324628,0.248488,0.193604,0.155201,0.108985,-0.101428,0.262148,0.000078,0
0.011616,-0.004357,0.041011,0.060630,0.083201,0.170389,0.472942,0.367711,0.283709,0.221211,0.176617,0.145082,0.105976,-0.093572,0.260532,-0.000022,1
0.008111,-0.004595,0.039994,0.059803,0.083235,0.580875,0.460996,0.358505,0.277334,0.217199,0.174278,0.143825,0.105821,-0.084936,0.263780,0.002680,6
0.007340,-0.004997,0.037097,0.055413,0.076831,0.167399,0.461879,0.360327,0.279813,0.219973,0.177069,0.146489,0.108129,-0.069754,0.268156,0.000775,1
-0.002315,-0.004938,0.039706,0.061914,0.091663,0.537295,0.423754,0.329239,0.256180,0.202791,0.164732,0.137537,0.103104,-0.048896,0.273374,0.001568,6
-0.008997,-0.004732,0.043133,0.069904,0.112183,0.506590,0.396948,0.307435,0.239483,0.190395,0.155536,0.130599,0.098853,-0.061034,0.274330,0.000345,1
-0.007390,-0.004039,0.048559,0.078912,0.129587,0.506940,0.395370,0.304237,0.235305,0.185866,0.151050,0.126330,0.095122,-0.035918,0.277144,0.004039,6
-0.003295,-0.003602,0.050946,0.081443,0.129320,0.520735,0.405933,0.311263,0.239243,0.187607,0.151431,0.125923,0.094015,-0.054142,0.276066,0.002542,4
0.001937,-0.003574,0.049575,0.077119,0.115441,0.543895,0.425871,0.327048,0.250803,0.195693,0.157033,0.129857,0.096089,-0.032260,0.277932,0.001413,1
-0.010557,-0.003202,0.056907,0.096021,0.203511,0.485113,0.374562,0.285590,0.219479,0.172805,0.140297,0.117363,0.088525,-0.053488,0.275932,0.001143,4
0.010126,-0.002966,0.051945,0.078365,0.111742,0.576205,0.452629,0.346915,0.263829,0.203308,0.161023,0.131617,0.095695,-0.054234,0.273944,0.005137,6
0.004877,-0.003245,0.051323,0.079041,0.116521,0.554315,0.434073,0.332663,0.254013,0.197116,0.157335,0.129515,0.095198,-0.063904,0.273480,0.000572,4
0.018017,-0.003717,0.044278,0.064301,0.086474,0.154351,0.493623,0.383203,0.293814,0.226841,0.179159,0.145723,0.104855,-0.041562,0.273320,0.003461,1
0.013247,-0.004202,0.041806,0.061514,0.083954,0.163863,0.478176,0.371628,0.286278,0.222671,0.177311,0.145301,0.105745,-0.033588,0.278458,0.003001,6
0.016884,-0.004947,0.035607,0.051392,0.068273,0.111008,0.500575,0.392429,0.304484,0.237860,0.189707,0.155431,0.112847,-0.009778,0.283194,0.001682,0
-0.003068,-0.005280,0.037103,0.057794,0.085104,0.537070,0.424432,0.330709,0.258166,0.204993,0.166943,0.139656,0.104965,-0.008794,0.284026,-0.000155,1
0.005364,-0.004995,0.037521,0.056496,0.079198,0.573840,0.454007,0.353868,0.274890,0.216403,0.174525,0.144664,0.107133,-0.007088,0.286850,0.005247,6
-0.004228,-0.004992,0.039726,0.062486,0.093878,0.534640,0.417145,0.324111,0.252497,0.200272,0.163041,0.136402,0.102586,0.011406,0.291830,-0.000352,6
0.012224,-0.004976,0.036277,0.053205,0.072049,0.127488,0.490559,0.376489,0.292173,0.228914,0.183391,0.150975,0.110515,0.030682,0.295794,0.005722,6
0.007119,-0.005472,0.033520,0.049873,0.068607,0.130426,0.514490,0.365098,0.284417,0.224452,0.181217,0.150245,0.111192,0.047616,0.300904,0.000753,1
0.012268,-0.005647,0.031312,0.045646,0.061184,0.101384,0.614935,0.403780,0.299750,0.235969,0.189822,0.156721,0.115100,0.062648,0.305088,0.005629,1
0.007822,-0.005963,0.029691,0.043849,0.059614,0.103813,0.494230,0.578695,0.302047,0.230926,0.186678,0.154975,0.114823,0.091858,0.310408,0.003306,1
-0.004291,-0.005943,0.031985,0.049666,0.072290,0.272301,0.409862,0.487907,0.293892,0.214949,0.171824,0.143881,0.108634,0.067266,0.311356,0.000746,0
-0.016002,-0.005438,0.038892,0.064909,0.105469,0.240116,0.330862,0.399826,0.459265,0.205319,0.160649,0.132773,0.100361,-0.011734,0.291734,0.000376,3
-0.035128,-0.004176,0.056009,0.097862,0.156799,0.224016,0.284241,0.340225,0.392514,0.194209,0.141164,0.116656,0.088167,-0.103622,0.263774,-0.000353,3
-0.039750,-0.002505,0.072392,0.120576,0.156541,0.197804,0.242200,0.287913,0.333590,0.378238,0.129547,0.102800,0.077643,-0.064744,0.223220,-0.000531,3
-0.041610,-0.001040,0.083520,0.119079,0.144071,0.174094,0.208523,0.246266,0.286073,0.326767,0.367340,0.097005,0.068346,-0.261962,0.188500,-0.000788,2
-0.062835,0.000970,0.092367,0.122796,0.143528,0.168397,0.197305,0.229744,0.264896,0.301805,0.339517,0.084767,0.056535,0.015706,0.185889,-0.000538,1
-0.025445,0.002318,0.086338,0.109749,0.125701,0.145121,0.168308,0.195272,0.225672,0.258868,0.294034,0.330289,0.058650,0.070138,0.193622,0.000572,5
-0.008675,0.002913,0.084358,0.105296,0.119514,0.136859,0.157712,0.182245,0.210326,0.241508,0.275095,0.310264,0.060558,0.093024,0.201186,-0.001299,5
-0.015713,0.003012,0.087108,0.109241,0.124228,0.142438,0.164206,0.189630,0.218495,0.250288,0.284273,0.319621,0.056250,0.101924,0.202404,-0.005106,5
-0.031580,0.003567,0.095713,0.120899,0.137739,0.157926,0.181651,0.208832,0.239089,0.271798,0.306426,0.077479,0.045922,-0.097064,0.206140,-0.008287,1
0.013457,0.003699,0.082325,0.100498,0.112763,0.127724,0.145801,0.167302,0.192318,0.220654,0.251831,0.289934,0.064766,-0.101636,0.210588,-0.000575,5
0.004748,0.002997,0.080936,0.099909,0.112804,0.128597,0.147719,0.170454,0.196825,0.227860,0.271959,0.340438,0.067826,-0.132994,0.207616,-0.007357,2
0.001232,0.002572,0.079591,0.098815,0.111943,0.128068,0.147636,0.171072,0.203205,0.252568,0.336994,0.467822,0.070761,-0.087116,0.208516,-0.006358,5
0.026016,0.001803,0.069276,0.084701,0.095330,0.108548,0.125115,0.148432,0.184155,0.244976,0.368433,0.475373,0.140395,-0.053710,0.215116,-0.002129,5
0.016465,0.000421,0.063936,0.079861,0.092291,0.110299,0.138346,0.187431,0.293971,0.414417,0.491332,0.278340,0.109250,-0.040324,0.214858,-0.012392,1
0.044679,-0.001152,0.052265,0.067473,0.080084,0.099424,0.132407,0.200419,0.328348,0.410611,0.476556,0.230205,0.119445,-0.041486,0.222280,-0.003043,1
0.041763,-0.003164,0.042096,0.055488,0.066942,0.085173,0.118285,0.195958,0.302342,0.374726,0.436316,0.229837,0.129088,-0.018334,0.229722,-0.001003,5
0.027019,-0.004618,0.035310,0.048005,0.059404,0.078686,0.117830,0.204468,0.276740,0.338971,0.395339,0.446866,0.129046,0.013880,0.237312,0.000075,5
-0.008525,-0.005155,0.038123,0.057368,0.078031,0.121552,0.177405,0.232655,0.286460,0.338256,0.387582,0.167527,0.108658,0.054712,0.243642,-0.002962,5
-0.025756,-0.004502,0.048132,0.075982,0.099506,0.130591,0.168343,0.210744,0.255692,0.301511,0.346969,0.391155,0.097842,0.088648,0.250584,-0.001452,5
-0.057322,-0.002864,0.064491,0.091064,0.110883,0.136103,0.166792,0.202227,0.241153,0.282175,0.324035,0.365679,0.086558,0.098868,0.257072,-0.004588,2
-0.083715,-0.000458,0.092307,0.127509,0.151599,0.180225,0.212921,0.248808,0.286814,0.325868,0.124236,0.084336,0.060310,0.061540,0.249076,-0.023815,5
-0.084906,0.002152,0.110727,0.147050,0.170812,0.198363,0.229312,0.262973,0.298494,0.334987,0.074032,0.058543,0.043991,0.088008,0.248976,-0.020701,1
-0.031478,0.004333,0.100018,0.125524,0.142419,0.162546,0.186063,0.212884,0.242649,0.274769,0.308517,0.063771,0.039891,0.102484,0.257296,-0.002296,5
-0.004762,0.004959,0.094256,0.115647,0.129851,0.146903,0.167104,0.190584,0.217245,0.246725,0.278460,0.311747,0.041621,0.125798,0.263664,-0.004258,5
-0.011573,0.004471,0.093820,0.116034,0.130834,0.148623,0.169686,0.194117,0.221753,0.252162,0.284715,0.101673,0.044059,0.133598,0.259672,-0.020179,1
0.007319,0.003674,0.083856,0.102853,0.115669,0.131281,0.150095,0.172378,0.198163,0.227191,0.258928,0.292654,0.060860,0.140324,0.263340,-0.010856,5
0.038181,0.002026,0.067840,0.082018,0.091750,0.103838,0.118801,0.137148,0.159260,0.185250,0.214878,0.247565,0.318803,0.112622,0.266038,-0.005318,2
-0.021603,-0.000126,0.070515,0.091474,0.106336,0.125001,0.147978,0.175418,0.206981,0.241901,0.279171,0.325235,0.085738,0.020100,0.244928,-0.049485,2
-0.098914,-0.001704,0.090902,0.130277,0.157312,0.189124,0.224879,0.268176,0.334866,0.450265,0.115155,0.086307,0.064032,0.090038,0.211580,-0.092097,1
-0.108385,-0.002644,0.088634,0.131010,0.160207,0.194843,0.246131,0.337557,0.698180,0.575720,0.114858,0.088843,0.067139,0.027268,0.203664,-0.081305,1
-0.055462,-0.002682,0.064264,0.089873,0.108923,0.133217,0.166065,0.222306,0.340063,0.609605,0.487356,0.202337,0.087589,-0.067984,0.212570,-0.030140,5
-0.001388,-0.002126,0.053122,0.068814,0.080354,0.095665,0.118818,0.158346,0.240027,0.584460,0.490781,0.359425,0.132255,-0.047892,0.220572,-0.000868,5
0.025899,-0.002668,0.044837,0.057535,0.067974,0.083819,0.110394,0.163462,0.556210,0.478574,0.389061,0.270539,0.135961,-0.023844,0.227856,-0.001003,5
0.028944,-0.004102,0.038359,0.051925,0.064021,0.084300,0.124774,0.246042,0.443740,0.370396,0.290977,0.207159,0.126124,0.011636,0.234548,-0.003309,1
0.014307,-0.005223,0.033274,0.046667,0.059330,0.082284,0.135898,0.430204,0.368999,0.307360,0.247046,0.190631,0.123941,0.040640,0.242268,-0.002313,1
-0.006386,-0.005597,0.034217,0.051101,0.068971,0.107313,0.387293,0.334497,0.283828,0.236961,0.195509,0.160601,0.113072,0.073376,0.250802,-0.003570,1
-0.008398,-0.005322,0.036781,0.055324,0.075216,0.372049,0.323501,0.278235,0.237028,0.200892,0.170338,0.145283,0.109197,0.113648,0.259584,-0.000508,1
0.012961,-0.005190,0.033921,0.049983,0.071335,0.341984,0.293867,0.253230,0.217145,0.186143,0.160261,0.139108,0.108340,0.144878,0.267052,0.003019,6
0.014879,-0.006000,0.029342,0.045128,0.069454,0.342905,0.280986,0.239475,0.206368,0.178197,0.154791,0.135662,0.107662,0.169918,0.274008,0.003647,6
-0.005407,-0.006058,0.032811,0.058251,0.497008,0.345443,0.266269,0.217970,0.185695,0.161038,0.140805,0.124381,0.100392,0.207184,0.279872,0.002972,6
-0.019276,-0.005146,0.045994,0.266795,0.986230,0.447256,0.290635,0.216476,0.173521,0.145717,0.126421,0.111936,0.090967,0.225462,0.286820,0.004839,6
-0.042863,-0.003389,0.081093,0.210019,1.000000,0.785605,0.341610,0.219325,0.162420,0.129745,0.108703,0.094151,0.075686,0.251428,0.292112,0.002272,1
-0.057116,-0.000275,0.108081,0.216016,0.443254,1.000000,0.418662,0.215900,0.146205,0.111166,0.090228,0.076417,0.059598,0.296514,0.299064,0.003972,6
-0.025362,0.002275,0.107177,0.172956,0.254150,0.485999,1.000000,0.363965,0.174334,0.115193,0.086506,0.069682,0.051061,0.057108,0.299650,0.008500,6
-0.015432,0.003524,0.110863,0.171283,0.239548,0.403390,1.000000,0.501145,0.179461,0.109810,0.079543,0.062731,0.044860,0.066766,0.305536,0.000423,6
0.020959,0.003717,0.092534,0.127608,0.159843,0.216069,0.337277,0.781780,1.000000,0.217199,0.121007,0.084310,0.053312,0.083108,0.309820,0.007050,6
0.034710,0.002076,0.076588,0.102395,0.124957,0.161852,0.232166,0.416110,1.000000,0.454071,0.195288,0.124999,0.073775,0.098282,0.315404,0.000319,1
0.026314,0.000202,0.067141,0.091427,0.113289,0.150397,0.226217,0.463309,1.000000,0.400529,0.206217,0.139570,0.086093,0.108562,0.320370,-0.001489,5
-0.014707,-0.000398,0.078364,0.120722,0.168306,0.281344,0.877070,0.844275,0.293027,0.178098,0.128628,0.101268,0.072283,0.131254,0.322884,-0.006411,1
-0.018241,0.000577,0.088222,0.137892,0.195315,0.339120,1.000000,0.616970,0.245278,0.153795,0.112640,0.089398,0.064393,0.140400,0.327638,0.000005,1
-0.009157,0.001571,0.091376,0.137820,0.187905,0.298745,0.742195,1.000000,0.273009,0.156547,0.110324,0.085678,0.060238,0.150962,0.331356,0.002362,6
0.006543,0.001531,0.083525,0.119692,0.155196,0.223057,0.401812,1.000000,0.476434,0.207079,0.132935,0.098439,0.065878,0.168662,0.334964,0.000422,1
0.006594,0.001153,0.080769,0.115727,0.150033,0.215581,0.388084,1.000000,0.498865,0.216531,0.138950,0.102874,0.068834,0.181460,0.338992,0.000057,1
0.006553,0.000737,0.077772,0.111445,0.144498,0.207670,0.374044,1.000000,0.521330,0.226531,0.145412,0.107673,0.072056,0.196790,0.343390,-0.000009,1
0.006643,0.000339,0.074855,0.107238,0.139010,0.199692,0.359252,1.000000,0.546020,0.236689,0.151830,0.112391,0.075189,0.215514,0.347672,0.000001,1
0.006816,-0.000095,0.071649,0.102591,0.132924,0.190784,0.342456,1.000000,0.575255,0.248196,0.159005,0.117629,0.078645,0.232498,0.352624,0.000092,1
0.006238,-0.000512,0.068838,0.098733,0.128126,0.184437,0.333584,1.000000,0.582980,0.255447,0.164358,0.121839,0.081625,0.247500,0.357712,0.000443,5
-0.002058,-0.000585,0.071417,0.105103,0.139795,0.211073,0.437441,1.000000,0.424089,0.220498,0.149749,0.114029,0.078507,0.273972,0.363344,-0.000356,1
-0.001582,-0.000476,0.072050,0.105869,0.140600,0.211640,0.434465,1.000000,0.426523,0.220036,0.149025,0.113317,0.077902,0.290828,0.369650,0.000014,1
-0.001400,-0.000375,0.072744,0.106826,0.141788,0.213181,0.436062,1.000000,0.425029,0.218597,0.147892,0.112394,0.077222,0.305810,0.376308,0.000095,1
-0.001360,-0.000276,0.073473,0.107882,0.143172,0.215207,0.439866,0.969435,0.421562,0.216670,0.146554,0.111364,0.076505,0.342564,0.383490,-0.000011,1
-0.001521,-0.000181,0.074256,0.109090,0.144848,0.217950,0.446882,0.886260,0.415376,0.214068,0.144931,0.110184,0.075733,0.360718,0.390420,-0.000051,1
-0.001413,-0.000078,0.074990,0.110128,0.146177,0.219797,0.449712,0.805760,0.412701,0.212303,0.143645,0.109171,0.075012,0.379460,0.397232,0.000061,1
-0.001359,0.000025,0.075746,0.111219,0.147600,0.221860,0.453453,0.717460,0.409240,0.210331,0.142266,0.108105,0.074267,0.181800,0.402506,-0.000012,1
-0.001238,0.000125,0.076456,0.112217,0.148867,0.223594,1.000000,0.629325,0.404093,0.208646,0.141027,0.107125,0.073565,0.199932,0.404458,0.000062,1
0.012640,0.000088,0.070843,0.099798,0.127388,0.177930,0.298725,0.722630,0.440974,0.276538,0.168752,0.122094,0.079899,0.209594,0.407622,0.006047,1
0.012936,-0.000825,0.064340,0.090565,0.115519,0.161145,1.000000,0.634625,0.386203,0.276223,0.185051,0.133723,0.087409,0.222308,0.410986,0.000028,1
0.012992,-0.001756,0.057791,0.081335,0.103731,0.146350,0.996470,0.549375,0.334153,0.241413,0.186970,0.144776,0.094963,0.232278,0.414186,0.000021,1
0.029593,-0.002908,0.046041,0.063773,0.082975,0.145720,0.799800,0.971630,0.365839,0.242678,0.182596,0.147258,0.106663,0.235210,0.416712,0.008033,1
-0.003284,-0.004462,0.045124,0.070832,0.100811,0.177130,0.666650,0.850140,0.372543,0.235518,0.173150,0.137726,0.099453,0.245388,0.419688,0.000133,6
0.006433,-0.004086,0.042866,0.061448,0.079698,0.114612,0.206759,0.617160,0.758990,0.343638,0.220781,0.163553,0.109497,0.251748,0.421602,0.002740,1
0.005473,-0.004500,0.040063,0.057592,0.074895,0.108238,0.197804,0.530610,0.655530,0.347020,0.224528,0.166890,0.112105,0.260568,0.424726,0.000223,1
0.005322,-0.004884,0.037297,0.053639,0.069784,0.100930,0.184834,0.443611,0.554530,0.355188,0.230036,0.171072,0.114974,0.213432,0.416998,0.000381,3
0.005562,-0.005249,0.034589,0.049710,0.064629,0.093358,0.170403,0.353697,0.449388,0.525750,0.236395,0.175655,0.117957,0.125442,0.387530,0.000895,3
0.005282,-0.005568,0.032313,0.046477,0.060473,0.087482,0.160297,0.273262,0.352599,0.422154,0.485155,0.178875,0.120235,-0.043710,0.349516,0.001159,3
0.004209,-0.005787,0.030890,0.044573,0.058171,0.084634,0.140921,0.204291,0.267302,0.328809,0.388098,0.444606,0.121198,-0.103224,0.307090,0.001365,3
-0.028603,-0.005622,0.039061,0.062491,0.083930,0.114956,0.155761,0.203985,0.256509,0.310822,0.365179,0.418367,0.107420,-0.148934,0.290018,-0.008514,2
-0.092750,-0.003416,0.076188,0.116800,0.147277,0.184849,0.228278,0.275697,0.325249,0.375391,0.141992,0.102654,0.074987,-0.153986,0.282128,-0.032977,1
-0.066441,-0.000503,0.086499,0.120363,0.144691,0.174768,0.210442,0.250852,0.294693,0.340557,0.387145,0.093916,0.064431,-0.159878,0.283106,-0.005731,1
-0.028864,0.001669,0.085565,0.111453,0.129687,0.152403,0.180073,0.212717,0.249819,0.290426,0.333376,0.116099,0.061187,-0.146530,0.286894,-0.001120,5
-0.012734,0.002597,0.085531,0.108851,0.125107,0.145320,0.170047,0.199539,0.233591,0.271535,0.312386,0.355034,0.059621,-0.140166,0.289654,-0.004058,5
0.006346,0.002528,0.079268,0.099188,0.113093,0.130498,0.152067,0.178287,0.209280,0.244687,0.283716,0.325317,0.071006,-0.127752,0.291954,-0.004164,5
0.022690,0.001415,0.068859,0.085459,0.097173,0.112031,0.130803,0.154196,0.182651,0.216119,0.253992,0.295255,0.111401,-0.133782,0.293398,-0.004724,5
-0.019221,-0.000078,0.071408,0.093662,0.109824,0.130533,0.156551,0.188187,0.225073,0.266229,0.310342,0.356065,0.082438,-0.185176,0.277438,-0.038352,2
-0.093767,-0.001053,0.096665,0.139634,0.169767,0.205733,0.246622,0.291052,0.337544,0.384758,0.101368,0.080137,0.060556,-0.220056,0.246792,-0.085565,1
-0.098086,-0.001233,0.097816,0.142374,0.173507,0.210451,0.252180,0.297242,0.344148,0.391574,0.099077,0.079408,0.060617,-0.277260,0.236418,-0.071444,5
-0.038902,-0.000489,0.075296,0.101513,0.120658,0.145036,0.175159,0.210868,0.251301,0.295151,0.341010,0.390615,0.074974,-0.294810,0.238786,-0.009309,5
-0.067978,0.000864,0.096953,0.132348,0.157050,0.187028,0.222083,0.261443,0.303959,0.353661,0.107711,0.077142,0.054921,-0.206446,0.230312,-0.018035,5
-0.153591,0.003284,0.176716,0.240261,0.278826,0.332359,0.106944,0.066262,0.052515,0.044496,0.039137,0.035307,0.030312,-0.206882,0.214478,-0.053749,1
-0.154647,0.006704,0.199350,0.267794,0.326723,0.054505,0.036528,0.028672,0.023991,0.020855,0.018615,0.016952,0.014715,-0.234448,0.213902,-0.031811,1
-0.083625,0.011016,-0.005000,-0.005000,-0.005000,-0.005000,-0.005000,-0.005000,-0.005000,-0.005000,-0.005000,-0.005000,-0.005000,-0.239720,0.219480,0.001540,6
-0.012590,0.012969,-0.005000,-0.005000,-0.005000,-0.005000,-0.005000,-0.005000,-0.005000,-0.005000,-0.005000,-0.005000,-0.005000,-0.221610,0.223520,0.003296,1
0.039944,0.012452,-0.005000,-0.005000,-0.005000,-0.005000,-0.005000,-0.005000,-0.005000,-0.005000,-0.005000,-0.005000,-0.005000,-0.201340,0.228990,0.000111,1
0.073304,0.009933,0.109207,0.136533,0.158211,0.189789,0.239393,0.327475,0.524420,1.000000,0.007939,0.002111,0.000865,-0.184328,0.233846,-0.001508,5
0.061846,0.007032,0.097096,0.123536,0.145013,0.177160,0.229868,0.330805,0.597895,1.000000,0.165002,0.072199,0.034417,-0.168820,0.239448,-0.000201,1
0.041058,0.004592,0.090113,0.118945,0.143656,0.183086,0.255023,0.425413,1.000000,0.445401,0.153140,0.092893,0.052749,-0.148470,0.244482,-0.002390,1
0.041410,0.002791,0.078877,0.104042,0.125588,0.159924,0.222427,0.369753,1.000000,0.608510,0.205848,0.124446,0.070504,-0.128894,0.249888,0.000039,1
0.041707,0.000968,0.067553,0.089054,0.107447,0.136726,0.189925,0.314813,0.940245,0.778710,0.259732,0.156573,0.088532,-0.103466,0.255290,0.000075,1
0.027161,-0.000810,0.060248,0.081883,0.101298,0.134119,0.200661,0.404360,1.000000,0.455046,0.230914,0.155505,0.095526,-0.090098,0.260662,-0.002018,1
0.026826,-0.002170,0.051410,0.069924,0.086558,0.114724,0.172003,0.348809,1.000000,0.506340,0.258440,0.174389,0.107303,-0.061708,0.266378,0.000673,5
0.009930,-0.003001,0.049828,0.070718,0.090880,0.128489,0.222089,0.841495,0.869950,0.341292,0.213297,0.155985,0.103125,-0.055464,0.271834,-0.000698,1
0.010182,-0.003492,0.046273,0.065626,0.084281,0.119021,0.205140,0.763080,0.915740,0.356140,0.222105,0.162269,0.107180,-0.031282,0.277400,0.000003,1
0.008442,-0.004014,0.042939,0.061197,0.078947,0.112408,0.197706,0.846510,0.865655,0.356353,0.225435,0.165789,0.110205,-0.015416,0.283248,0.000417,5
0.000358,-0.004158,0.043727,0.063851,0.084284,0.125352,0.248150,1.000000,0.617130,0.307721,0.206005,0.155718,0.106396,0.007458,0.288646,-0.000252,1
0.000245,-0.004181,0.043588,0.063671,0.084076,0.125128,0.248208,1.000000,0.615555,0.307577,0.206052,0.155809,0.106496,0.026676,0.294352,-0.000072,1
-0.000092,-0.004190,0.043598,0.063754,0.084274,0.125678,0.250817,1.000000,0.608530,0.305935,0.205374,0.155458,0.106370,0.048504,0.300416,-0.000089,1
-0.000436,-0.004180,0.043751,0.064050,0.084754,0.126662,0.254385,1.000000,0.600715,0.303868,0.204412,0.154894,0.106101,0.065244,0.306140,-0.000096,1
-0.000642,-0.004153,0.044010,0.064471,0.085366,0.127739,0.257533,1.000000,0.595215,0.302174,0.203523,0.154317,0.105775,0.089120,0.312130,-0.000034,1
-0.000796,-0.004113,0.044343,0.064992,0.086098,0.128957,0.260743,1.000000,0.590370,0.300518,0.202594,0.153685,0.105393,0.108896,0.317690,0.000021,1
-0.000943,-0.004063,0.044755,0.065625,0.086977,0.130396,0.264386,0.967720,0.585280,0.298687,0.201535,0.152950,0.104938,0.127850,0.323214,0.000045,1
-0.000976,-0.004000,0.045238,0.066342,0.087936,0.131860,0.267522,0.900215,0.581990,0.297176,0.200555,0.152222,0.104448,0.143872,0.328722,0.000217,1
-0.001190,-0.003919,0.045903,0.067362,0.089349,0.134160,0.273310,0.828530,0.574365,0.294355,0.198902,0.151064,0.103724,0.167192,0.334470,0.000256,1
0.009518,-0.003927,0.043326,0.061560,0.079195,0.112185,0.194827,0.652845,0.864175,0.362349,0.227237,0.166441,0.110206,0.184052,0.339378,0.004492,1
0.009248,-0.004450,0.039646,0.056374,0.072574,0.102936,0.179325,0.582290,0.776825,0.373794,0.234935,0.172256,0.114168,0.206150,0.345008,0.000504,1
0.008931,-0.004985,0.035883,0.051069,0.065798,0.093467,0.163435,0.512600,0.690960,0.385016,0.242613,0.178097,0.118176,0.225856,0.350394,0.000533,1
0.008530,-0.005535,0.032011,0.045611,0.058828,0.083726,0.147104,0.436653,0.596420,0.407636,0.250196,0.183940,0.122231,0.220226,0.351194,0.000705,1
-0.003459,-0.005939,0.031046,0.045902,0.061335,0.093471,0.199540,0.433195,0.555420,0.333455,0.221946,0.169699,0.117339,0.191478,0.347768,-0.003640,0
-0.014107,-0.005398,0.037420,0.057510,0.079973,0.132894,0.287203,0.406192,0.508120,0.288874,0.191612,0.150644,0.107355,0.147778,0.341482,-0.000057,3
-0.013618,-0.004532,0.044336,0.068008,0.094379,0.155423,0.245648,0.335024,0.422336,0.534955,0.185561,0.142694,0.101558,0.059906,0.313780,0.001361,0
-0.024665,-0.003647,0.055212,0.088604,0.121253,0.168184,0.228568,0.298264,0.374499,0.484109,0.183703,0.127549,0.090494,0.063964,0.310370,-0.001604,2
-0.053290,-0.001528,0.080332,0.118673,0.149304,0.190099,0.241342,0.302402,0.395705,0.498810,0.137885,0.099966,0.070950,0.088746,0.312338,-0.002580,5
-0.036842,0.001205,0.089874,0.123193,0.148349,0.181245,0.223044,0.285382,0.378220,0.468259,0.140639,0.088940,0.059407,0.098600,0.317246,0.000658,2
-0.042351,0.003253,0.106601,0.144218,0.172960,0.217869,0.288451,0.366067,0.444761,0.222212,0.081973,0.061521,0.043556,0.091410,0.314750,-0.007491,1
-0.021780,0.004747,0.107089,0.147143,0.183607,0.233394,0.292326,0.357757,0.426883,0.145021,0.079179,0.055458,0.037144,0.110428,0.317738,-0.004080,1
0.001558,0.004936,0.111073,0.154526,0.186260,0.226106,0.274132,0.329313,0.389851,0.114939,0.074733,0.056277,0.038303,0.092238,0.318706,-0.003843,0
-0.020330,0.005044,0.114596,0.152018,0.178732,0.212212,0.253054,0.301076,0.355269,0.107254,0.061774,0.047155,0.033545,0.088780,0.318028,-0.005644,0
-0.011803,0.006310,0.111370,0.142558,0.164553,0.192162,0.226266,0.267301,0.315008,0.368413,0.058513,0.040857,0.027090,0.101380,0.318490,-0.000398,1
0.011413,0.005950,0.100021,0.125415,0.143358,0.166080,0.194635,0.229883,0.272181,0.321140,0.375663,0.061264,0.034565,0.097342,0.320380,-0.004299,2
-0.020265,0.005196,0.108429,0.140963,0.164176,0.193488,0.229782,0.273358,0.323707,0.379584,0.072294,0.050754,0.034086,0.079082,0.311418,-0.025602,5
-0.019798,0.005281,0.108736,0.141215,0.164366,0.193583,0.229750,0.273172,0.323356,0.379074,0.071102,0.049955,0.033541,0.076152,0.308122,-0.013077,1
-0.011653,0.005438,0.106102,0.136507,0.158150,0.185521,0.219588,0.260849,0.309052,0.363169,0.079631,0.052218,0.033869,0.055924,0.308264,-0.009487,2
-0.043184,0.005879,0.124411,0.164693,0.193014,0.228025,0.270104,0.318895,0.373312,0.063735,0.044677,0.035454,0.025976,0.071652,0.303038,-0.026428,1
-0.015711,0.006766,0.115842,0.148439,0.171312,0.199871,0.234913,0.276762,0.325382,0.394214,0.046565,0.033997,0.023123,0.077384,0.307996,-0.003480,5
-0.009977,0.007197,0.115774,0.147192,0.169156,0.196552,0.230205,0.271985,0.337251,0.922495,0.042615,0.030673,0.020577,0.083932,0.311832,-0.005902,5
0.015412,0.006834,0.103511,0.128775,0.146474,0.168751,0.197274,0.239239,0.325015,0.745700,0.530645,0.047684,0.027351,0.101990,0.316792,-0.002846,5
0.031638,0.005267,0.089637,0.110567,0.126033,0.147838,0.181860,0.255056,0.672505,0.499361,0.322948,0.146444,0.048198,0.122586,0.321514,-0.003800,1
0.067499,0.002109,0.065295,0.080721,0.092879,0.111178,0.142729,0.227458,0.572990,0.431229,0.307020,0.211218,0.107935,0.145658,0.327030,-0.003046,5
0.062718,-0.001974,0.046434,0.060353,0.072533,0.093034,0.139291,0.557265,0.433084,0.327857,0.246483,0.188365,0.121051,0.152874,0.332274,-0.000515,5
0.016944,-0.004377,0.039724,0.057589,0.077076,0.131061,0.495416,0.386549,0.298315,0.231876,0.184203,0.150497,0.108911,0.175240,0.336892,-0.002188,1
-0.004122,-0.004771,0.041515,0.065476,0.099136,0.527915,0.415247,0.321995,0.250345,0.198233,0.161177,0.134723,0.101214,0.191888,0.342290,0.000017,6
0.008267,-0.004539,0.040390,0.060392,0.084078,0.581110,0.461065,0.358406,0.277103,0.216892,0.173944,0.143491,0.105518,0.205938,0.345822,0.008067,6
0.008061,-0.004851,0.038054,0.056765,0.078626,0.173649,0.463336,0.361131,0.280037,0.219783,0.176638,0.145938,0.107519,0.221950,0.349958,0.003319,6
0.014934,-0.005136,0.034591,0.050180,0.067014,0.110741,0.494204,0.387566,0.301200,0.235920,0.188727,0.155064,0.113076,0.229376,0.353788,0.008392,1
0.007456,-0.005370,0.034237,0.050926,0.070070,0.134327,0.465994,0.364709,0.284156,0.224020,0.180704,0.149709,0.110680,0.252032,0.358462,0.005952,6
0.003611,-0.005647,0.032833,0.049442,0.069029,0.148738,0.453574,0.355247,0.277643,0.219921,0.178312,0.148432,0.110561,0.265236,0.362808,0.001465,6
0.016027,-0.005922,0.028724,0.041257,0.054323,0.084368,0.506050,0.399568,0.312666,0.246304,0.197823,0.162943,0.119088,0.273890,0.366014,0.008762,6
0.008818,-0.006425,0.026082,0.038220,0.051372,0.084491,0.481478,0.380227,0.298824,0.237223,0.192267,0.159760,0.118432,0.295792,0.370432,0.004377,6
0.017526,-0.006993,0.020907,0.029656,0.038407,0.056444,0.521855,0.415584,0.328021,0.260287,0.210141,0.173661,0.127305,0.304160,0.373766,0.007288,1
-0.007487,-0.007151,0.022709,0.035208,0.050578,0.118896,0.426913,0.337454,0.267770,0.215933,0.178138,0.150538,0.114721,0.317358,0.379146,0.000204,6
-0.004803,-0.006657,0.026310,0.040569,0.058083,0.541685,0.431777,0.340152,0.268663,0.215577,0.177032,0.149026,0.112917,0.336398,0.383022,0.004155,1
-0.008701,-0.005605,0.035687,0.056911,0.086966,0.515905,0.407124,0.317801,0.249351,0.199356,0.163496,0.137640,0.104480,0.344790,0.387030,0.008911,6
-0.001183,-0.004791,0.040620,0.063120,0.093041,0.548945,0.426531,0.331060,0.257154,0.203152,0.164708,0.137293,0.102672,0.363212,0.389692,0.008886,1
-0.004791,-0.003933,0.048654,0.078019,0.124037,0.779360,0.404104,0.310604,0.239681,0.188708,0.152849,0.127455,0.095527,0.372068,0.393536,0.009333,6
0.004758,-0.003384,0.050256,0.077306,0.113558,0.592385,0.686070,0.335174,0.255339,0.198416,0.158538,0.130602,0.096083,0.377378,0.395828,0.009933,6
0.000387,-0.003312,0.052171,0.082105,0.126311,0.462538,0.559120,0.338892,0.244602,0.190378,0.152780,0.126410,0.093673,0.381416,0.397818,0.003014,6
0.006784,-0.003278,0.050501,0.077055,0.111693,0.255560,0.380009,0.456119,0.518670,0.208106,0.160565,0.131417,0.096286,0.322898,0.390922,0.007282,3
-0.019055,-0.002751,0.064492,0.109065,0.169967,0.251841,0.317446,0.376076,0.429513,0.175624,0.135469,0.110945,0.082925,0.223346,0.362658,-0.000015,3
-0.034334,-0.000938,0.084148,0.135569,0.172071,0.213143,0.256881,0.301673,0.346289,0.389792,0.113804,0.092966,0.069481,0.015740,0.326944,-0.000450,3
-0.034821,0.000920,0.092141,0.124191,0.146086,0.172287,0.202575,0.236310,0.272570,0.310342,0.348657,0.084820,0.058144,-0.108322,0.289726,-0.000762,3
-0.023726,0.002449,0.086521,0.109702,0.125479,0.144677,0.167604,0.194287,0.224409,0.257351,0.292304,0.328398,0.058169,-0.090702,0.265350,-0.002945,2
-0.019437,0.002861,0.087463,0.110137,0.125504,0.144169,0.166450,0.192411,0.221793,0.254038,0.288383,0.323984,0.056126,-0.086992,0.260002,-0.014749,1
0.000802,0.002556,0.079625,0.098904,0.112070,0.128243,0.147866,0.171216,0.198277,0.228697,0.261833,0.296871,0.070634,-0.119148,0.257050,-0.009773,2
-0.008201,0.001873,0.078372,0.098585,0.112499,0.129656,0.150502,0.175262,0.203817,0.235686,0.270111,0.308895,0.072522,-0.145470,0.249542,-0.018620,2
-0.037136,0.001316,0.084418,0.109419,0.126634,0.147663,0.172745,0.201749,0.234188,0.275995,0.339112,0.444042,0.062623,-0.178160,0.235266,-0.033841,5
-0.094353,0.001238,0.109819,0.148508,0.173855,0.204973,0.251353,0.328087,0.461943,0.558330,0.078050,0.062608,0.047707,-0.271646,0.211130,-0.059977,1
-0.144678,0.001829,0.148709,0.226497,0.311967,0.447181,0.533885,0.147606,0.074845,0.059683,0.050979,0.045179,0.037978,-0.284782,0.191545,-0.073633,1
-0.115601,0.003316,0.144330,0.236995,0.352270,0.450915,0.522840,0.159549,0.081655,0.058372,0.047748,0.041196,0.033438,-0.153334,0.189964,-0.035358,6
-0.040048,0.005525,0.121849,0.179417,0.238764,0.338218,0.416256,0.480227,0.157416,0.082060,0.055781,0.042496,0.029494,-0.138312,0.195445,0.000608,1
0.006832,0.006049,0.116078,0.166201,0.215331,0.292541,0.360093,0.419272,0.225339,0.097179,0.062249,0.046048,0.030786,-0.134450,0.202854,-0.000058,6
0.036984,0.005256,0.095825,0.127515,0.155019,0.199585,0.259027,0.315019,0.367776,0.417230,0.122608,0.077087,0.044898,-0.082912,0.209254,0.001570,1
0.038132,0.003832,0.086462,0.114790,0.139286,0.177100,0.221271,0.267371,0.313836,0.359548,0.165604,0.101773,0.058866,-0.045624,0.217110,-0.000078,1
0.031190,0.002238,0.078811,0.106159,0.128729,0.156659,0.189511,0.226317,0.265802,0.306693,0.347877,0.118677,0.070496,-0.063180,0.223970,0.000051,2
-0.031945,0.001966,0.103281,0.140529,0.165312,0.194228,0.226770,0.262108,0.299260,0.337251,0.090134,0.069719,0.051563,-0.059450,0.219896,-0.009455,1
-0.034491,0.003161,0.096911,0.123725,0.141667,0.163123,0.188209,0.216740,0.248226,0.281954,0.317106,0.073933,0.046634,-0.042040,0.225712,-0.000166,1
-0.034321,0.004238,0.100553,0.126534,0.143741,0.164219,0.188109,0.215298,0.245395,0.277789,0.311738,0.062907,0.039981,-0.067288,0.223884,-0.007653,2
-0.033600,0.005232,0.105830,0.132054,0.149234,0.169531,0.193062,0.219714,0.249126,0.280735,0.079889,0.049286,0.032647,-0.034040,0.223874,-0.007453,1
-0.004585,0.005547,0.097305,0.118926,0.133197,0.150256,0.170379,0.193682,0.220061,0.249172,0.280472,0.070847,0.036189,-0.054686,0.225858,-0.004431,2
-0.031766,0.005566,0.106955,0.132969,0.149965,0.170019,0.193248,0.219556,0.248603,0.279849,0.071466,0.045861,0.030487,-0.065302,0.218904,-0.018176,1
-0.017866,0.005889,0.103569,0.127374,0.142967,0.161454,0.183033,0.207715,0.235281,0.265293,0.297152,0.048970,0.030398,-0.083590,0.218858,-0.005064,2
-0.018651,0.006294,0.105999,0.130070,0.145771,0.164327,0.185917,0.210540,0.237973,0.267786,0.077626,0.042355,0.027043,-0.058816,0.217936,-0.007234,5
-0.013890,0.006461,0.105196,0.128578,0.143830,0.161876,0.182912,0.206970,0.233866,0.263207,0.294431,0.042334,0.026468,-0.099552,0.215014,-0.006621,2
-0.004300,0.006646,0.102919,0.124925,0.139301,0.156354,0.176323,0.199297,0.225169,0.253616,0.284134,0.045056,0.026520,-0.064792,0.217210,-0.003662,1
0.023213,0.005909,0.091044,0.109047,0.120954,0.135271,0.152338,0.172421,0.195623,0.221842,0.250738,0.281781,0.041298,-0.082844,0.219876,-0.003409,2
0.003539,0.004894,0.091382,0.111531,0.124945,0.141104,0.160343,0.182856,0.208618,0.237344,0.272075,0.321522,0.045075,-0.107408,0.213768,-0.011399,2
-0.005647,0.004348,0.091270,0.112507,0.126698,0.143812,0.164172,0.187923,0.216605,0.257544,0.320575,0.428785,0.047224,-0.081556,0.213434,-0.010644,1
0.026163,0.003630,0.078754,0.095272,0.106434,0.120091,0.136689,0.156833,0.184600,0.226409,0.295607,0.695145,0.079258,-0.061670,0.220250,-0.001914,5
0.015663,0.002244,0.074042,0.091055,0.102776,0.118591,0.141432,0.176837,0.238309,0.636640,0.544450,0.422751,0.091834,-0.096344,0.216030,-0.009383,5
-0.021699,0.001448,0.082420,0.114387,0.144081,0.196620,0.324054,0.507285,0.410127,0.255222,0.146757,0.103542,0.066207,-0.034328,0.211668,-0.022780,1
-0.002892,0.001167,0.085096,0.125580,0.167486,0.255214,0.481055,0.399074,0.302040,0.181407,0.123785,0.094491,0.065222,-0.060552,0.218058,-0.003382,1
-0.004068,0.001260,0.086369,0.127962,0.171331,0.492957,0.423028,0.348492,0.267498,0.176001,0.120877,0.092584,0.064135,-0.011892,0.226264,-0.000216,1
-0.002863,0.001419,0.086998,0.128374,0.174573,0.432791,0.368205,0.302141,0.236037,0.172360,0.120302,0.091824,0.063376,0.017694,0.234658,-0.000721,6
0.022183,0.001001,0.073789,0.101456,0.130623,0.429232,0.364591,0.306638,0.250895,0.199692,0.155562,0.120313,0.076960,0.042946,0.242332,0.001821,1
0.047488,-0.000316,0.058321,0.078217,0.099744,0.432842,0.355373,0.301322,0.252543,0.208654,0.171058,0.140389,0.097887,0.101530,0.249630,0.002986,1
0.054091,-0.002610,0.046065,0.064701,0.087114,0.413682,0.328795,0.274547,0.232666,0.196053,0.165255,0.140174,0.104448,0.107302,0.257880,0.001900,6
0.032840,-0.004644,0.036280,0.053235,0.075884,0.437619,0.325191,0.260300,0.218383,0.186679,0.160214,0.138618,0.107320,0.135056,0.265798,0.001609,1
-0.002761,-0.005157,0.040337,0.075564,0.705355,0.406648,0.287206,0.223313,0.183819,0.157173,0.136721,0.120224,0.096340,0.188792,0.273916,0.001924,6
-0.014240,-0.004534,0.050532,0.131080,1.000000,0.741995,0.368522,0.246383,0.186115,0.150457,0.127077,0.110716,0.089176,0.205660,0.280682,0.004417,1
-0.045131,-0.002822,0.082598,0.176917,0.425860,1.000000,0.432894,0.245224,0.171976,0.133203,0.109376,0.093382,0.073613,0.226738,0.288404,0.002024,6
-0.031191,-0.000392,0.087265,0.145019,0.220934,0.471170,1.000000,0.398336,0.211568,0.144785,0.110688,0.090145,0.066922,0.284322,0.294782,0.005019,1
-0.027004,0.001210,0.098953,0.160959,0.238791,0.469281,1.000000,0.389019,0.192479,0.128525,0.097025,0.078406,0.057669,0.035156,0.297416,0.000002,1
-0.026040,0.002746,0.111791,0.180990,0.266992,0.516215,1.000000,0.332891,0.161662,0.107291,0.080748,0.065131,0.047800,0.064296,0.304120,-0.000699,6
-0.011268,0.003670,0.109290,0.166137,0.228365,0.369623,0.988760,0.670740,0.194010,0.113913,0.081063,0.063292,0.044762,0.084366,0.309954,0.000501,1
0.004295,0.004096,0.103316,0.149042,0.194463,0.282799,0.525515,1.000000,0.300369,0.138073,0.090084,0.067230,0.045343,0.097302,0.315634,0.002458,1
0.003874,0.003898,0.102087,0.147456,0.192625,0.280764,0.524970,1.000000,0.305021,0.141567,0.092632,0.069230,0.046758,0.124346,0.320860,0.000038,1
0.003705,0.003675,0.100541,0.145298,0.189896,0.277044,0.519325,1.000000,0.313938,0.146260,0.095814,0.071648,0.048419,0.131182,0.325780,-0.000063,1
-0.004668,0.003686,0.105333,0.156377,0.209802,0.322407,0.707545,1.000000,0.232682,0.125892,0.086742,0.066553,0.046186,0.145298,0.329908,-0.000537,1
-0.004738,0.003955,0.107444,0.159548,0.214109,0.329186,0.723615,1.000000,0.222301,0.120395,0.082985,0.063682,0.044203,0.161846,0.334126,-0.000046,1
-0.004752,0.004241,0.109657,0.162843,0.218541,0.336034,0.738915,1.000000,0.211680,0.114666,0.079041,0.060658,0.042106,0.178992,0.338254,0.000023,1
-0.004699,0.004508,0.111676,0.165809,0.222482,0.341965,0.751010,1.000000,0.202216,0.109455,0.075429,0.057877,0.040169,0.200068,0.342052,-0.000015,6
0.004039,0.004432,0.105923,0.152921,0.199669,0.290771,0.542355,1.000000,0.280220,0.129571,0.084686,0.063256,0.042700,0.209808,0.346314,0.000218,1
0.003882,0.004189,0.104227,0.150544,0.196654,0.286625,0.535870,1.000000,0.290523,0.134815,0.088210,0.065923,0.044523,0.225962,0.350878,-0.000004,1
0.003971,0.003941,0.102356,0.147803,0.193024,0.281198,0.525030,1.000000,0.304058,0.140812,0.092078,0.068792,0.046447,0.243530,0.355842,-0.000009,1
0.003935,0.003686,0.100500,0.145137,0.189562,0.276209,0.515990,1.000000,0.316403,0.146648,0.095917,0.071670,0.048396,0.265712,0.361346,-0.000029,1
0.003952,0.003430,0.098614,0.142407,0.185986,0.270974,0.506080,1.000000,0.329447,0.152635,0.099821,0.074583,0.050360,0.290882,0.367426,0.000035,1
0.003922,0.003168,0.096706,0.139664,0.182420,0.265820,0.496674,1.000000,0.342157,0.158629,0.103762,0.077535,0.052359,0.309128,0.374046,-0.000026,1
0.003886,0.002903,0.094779,0.136895,0.178822,0.260628,0.487230,1.000000,0.354890,0.164666,0.107738,0.080515,0.054378,0.329640,0.380970,-0.000008,1
0.004051,0.002611,0.092552,0.133612,0.174451,0.254030,0.473739,0.960130,0.372065,0.171990,0.112402,0.083954,0.056669,0.352588,0.388532,0.000027,1
0.003941,0.002328,0.090524,0.130729,0.170740,0.248776,0.464696,0.874390,0.384556,0.178210,0.116556,0.087088,0.058806,0.375290,0.395544,-0.000060,1
0.004074,0.002065,0.088533,0.127801,0.166854,0.242936,0.452900,0.797255,0.399953,0.184786,0.120745,0.090179,0.060866,0.399854,0.401888,0.000081,1
0.004127,0.001770,0.086343,0.124621,0.162677,0.236788,0.441120,0.711880,0.415750,0.191852,0.125318,0.093577,0.063149,0.196778,0.403174,0.000003,1
0.004140,0.001451,0.084000,0.121234,0.158250,0.230328,1.000000,0.619055,0.397820,0.199330,0.130190,0.097211,0.065598,0.207750,0.407636,0.000041,1
0.004160,0.001146,0.081751,0.117981,0.153995,0.224111,1.000000,0.531725,0.347177,0.206531,0.134875,0.100702,0.067949,0.218630,0.411094,-0.000008,1
0.016248,0.000737,0.074080,0.103371,0.130831,0.180970,1.000000,0.572915,0.337330,0.239247,0.166038,0.118294,0.076313,0.228730,0.413926,0.006051,1
0.024019,-0.000787,0.061273,0.083900,0.106802,0.188276,0.895315,0.614745,0.328213,0.225036,0.172211,0.137734,0.093133,0.238064,0.416828,0.000137,1
0.035848,-0.002771,0.048385,0.070594,0.096417,0.154003,0.389751,0.857580,0.450108,0.259783,0.183563,0.142762,0.100532,0.247932,0.418852,0.010570,1
-0.008745,-0.003241,0.053246,0.080190,0.109162,0.172975,0.424148,0.757220,0.433704,0.247484,0.174068,0.135037,0.094831,0.254842,0.422240,-0.000005,1
-0.008884,-0.002523,0.058949,0.088823,0.120978,0.191913,0.472647,0.660695,0.408641,0.233568,0.164390,0.127575,0.089627,0.262452,0.425578,0.000054,6
0.001119,-0.002331,0.057167,0.083276,0.109671,0.162369,0.317204,0.527100,0.624525,0.271722,0.181045,0.136525,0.093053,0.248168,0.425646,0.000560,0
0.000612,-0.002366,0.057061,0.083257,0.109814,0.163072,0.316054,0.439706,0.524370,0.270001,0.180470,0.136309,0.093058,0.186352,0.407036,0.000588,3
0.000657,-0.002367,0.057041,0.083214,0.109744,0.162924,0.271027,0.355782,0.427872,0.492386,0.180581,0.136373,0.093089,0.098202,0.379882,0.000925,3
0.000353,-0.002333,0.057394,0.083810,0.110631,0.160588,0.220283,0.280714,0.340242,0.397893,0.202483,0.135633,0.092674,-0.092138,0.335274,0.001434,3
-0.000976,-0.002244,0.058482,0.085138,0.107049,0.136262,0.173016,0.216170,0.263763,0.313798,0.364616,0.414933,0.091811,-0.189006,0.299082,0.001169,3
-0.025786,-0.001808,0.063612,0.086363,0.103500,0.125964,0.154609,0.189558,0.230020,0.274571,0.321609,0.369672,0.091798,-0.162922,0.285246,-0.004185,1
0.004505,-0.001222,0.057990,0.074766,0.087133,0.103350,0.124469,0.151366,0.184342,0.222882,0.265783,0.311550,0.130108,-0.155814,0.287662,0.000485,2
-0.015665,-0.001569,0.060887,0.080766,0.095623,0.115152,0.140373,0.171825,0.209213,0.251443,0.297000,0.344356,0.102279,-0.175830,0.281126,-0.018354,2
-0.006802,-0.001662,0.057996,0.076132,0.089675,0.107544,0.130837,0.160308,0.195952,0.236887,0.281668,0.328723,0.114968,-0.182486,0.278618,-0.006498,2
-0.013421,-0.001732,0.059238,0.078489,0.092917,0.111952,0.136660,0.167659,0.204727,0.246800,0.292350,0.339818,0.106911,-0.198368,0.273244,-0.011658,2
-0.036553,-0.001517,0.067497,0.091965,0.110258,0.134000,0.163886,0.199842,0.240949,0.285765,0.332745,0.380496,0.085192,-0.213512,0.265172,-0.021315,5
-0.041158,-0.000697,0.074706,0.101260,0.120723,0.145540,0.176200,0.212482,0.253453,0.297755,0.343961,0.390777,0.075623,-0.216224,0.262456,-0.015432,1
-0.024298,0.000250,0.075093,0.098729,0.115790,0.137493,0.164502,0.196992,0.234485,0.275950,0.320091,0.365606,0.076032,-0.230274,0.262324,-0.006544,2
-0.022510,0.001083,0.079707,0.103742,0.120850,0.142395,0.168975,0.200758,0.237331,0.277773,0.320893,0.365455,0.069185,-0.222834,0.261874,-0.004815,5
-0.023064,0.001636,0.083296,0.107919,0.125292,0.147018,0.173637,0.205283,0.241544,0.281542,0.324135,0.368138,0.063896,-0.219528,0.260282,-0.010943,1
-0.001356,0.001774,0.077200,0.097813,0.112347,0.130651,0.153423,0.181121,0.213761,0.250822,0.291359,0.334220,0.074561,-0.232786,0.261480,-0.003597,5
0.010330,0.001375,0.071693,0.090066,0.103071,0.119561,0.140303,0.165923,0.196663,0.232223,0.271782,0.317453,0.090584,-0.234510,0.260948,-0.003343,2
-0.011774,0.000775,0.074389,0.096013,0.111492,0.131153,0.155732,0.185614,0.220614,0.263211,0.328381,0.440904,0.078529,-0.253872,0.254710,-0.016241,2
-0.011450,0.000645,0.073503,0.094945,0.110324,0.129895,0.154410,0.184673,0.229131,0.304837,0.460489,0.955795,0.080173,-0.246206,0.253208,-0.009305,1
0.000670,0.000275,0.067873,0.086812,0.100453,0.117956,0.141900,0.179727,0.247624,0.402892,1.000000,0.533390,0.095732,-0.259800,0.252308,-0.007721,2
-0.022662,0.000054,0.073535,0.100718,0.125423,0.167878,0.256739,0.554425,1.000000,0.337174,0.180594,0.123968,0.077386,-0.253226,0.248364,-0.016819,1
0.004852,-0.000082,0.072480,0.104384,0.135981,0.197160,0.363451,1.000000,0.525400,0.238360,0.154908,0.115388,0.077675,-0.250990,0.251944,-0.002914,1
-0.009443,-0.000215,0.077394,0.116855,0.159493,0.254170,0.637375,1.000000,0.328353,0.188911,0.133312,0.103607,0.072903,-0.242726,0.255542,-0.002722,1
-0.011451,0.000247,0.082014,0.124760,0.171615,0.278220,0.749510,1.000000,0.297517,0.175031,0.124658,0.097375,0.068900,-0.226022,0.259358,-0.000068,1
-0.003400,0.000631,0.081237,0.120088,0.160430,0.244391,0.521045,1.000000,0.359285,0.190789,0.130555,0.099805,0.068998,-0.214464,0.262928,0.000770,1
-0.003628,0.000809,0.082708,0.122356,0.163584,0.249579,0.534780,1.000000,0.349889,0.186438,0.127738,0.097716,0.067600,-0.204190,0.266822,0.000017,1
-0.003457,0.000980,0.083938,0.124103,0.165825,0.252706,0.539440,1.000000,0.345244,0.183490,0.125600,0.096032,0.066402,-0.214056,0.267960,0.000012,0
-0.003523,0.001147,0.085245,0.126065,0.168484,0.256873,0.549140,1.000000,0.338138,0.179894,0.123183,0.094203,0.065149,-0.221262,0.265224,0.000001,0
-0.003533,0.001302,0.086434,0.127826,0.170843,0.260488,0.556990,1.000000,0.332122,0.176719,0.121017,0.092549,0.064007,-0.228642,0.262726,-0.000005,0
0.003085,0.003337,0.084742,0.105784,0.120332,0.138386,0.162575,0.198843,0.258473,0.373241,0.680645,1.000000,0.059683,-0.811504,-0.000001,0.000006,1
0.003085,0.003337,0.084742,0.105784,0.120332,0.138386,0.162575,0.198843,0.258473,0.373241,0.680645,1.000000,0.059683,-0.130942,-0.000001,0.000006,1
0.003085,0.003337,0.084742,0.105784,0.120332,0.138386,0.162575,0.198843,0.258473,0.373241,0.680645,1.000000,0.059683,0.916790,-0.000001,0.000006,1
0.003085,0.003337,0.084742,0.105784,0.120332,0.138386,0.162575,0.198843,0.258473,0.373241,0.680645,1.000000,0.059683,0.916790,-0.000001,0.000006,1
0.003783,0.003337,0.084533,0.105459,0.119927,0.137886,0.161874,0.197790,0.256698,0.369587,0.668795,1.000000,0.060046,-0.811504,0.003615,0.000009,1
0.005653,0.003329,0.083934,0.104548,0.118802,0.136505,0.160260,0.195829,0.254176,0.366014,0.662610,1.000000,0.061140,-0.811504,0.014453,0.000008,1
0.009851,0.003301,0.082555,0.102476,0.116256,0.133403,0.156623,0.191392,0.248433,0.357791,0.647935,1.000000,0.063940,-0.684456,0.026009,0.000004,1
0.013613,0.003245,0.081193,0.100493,0.113847,0.130589,0.153800,0.188792,0.246829,0.360344,0.676710,1.000000,0.067133,-0.540104,0.037845,0.000656,5
0.021549,0.003111,0.078342,0.096380,0.108870,0.124791,0.147270,0.181310,0.238175,0.350902,0.675980,1.000000,0.075630,-0.329388,0.054883,0.000015,1
0.034050,0.002793,0.073589,0.089716,0.100901,0.115570,0.136442,0.168076,0.220997,0.326182,0.631605,1.000000,0.099069,0.100716,0.077422,0.000008,5
0.040695,0.002299,0.069528,0.084488,0.095264,0.110151,0.131740,0.165421,0.224535,0.353578,0.846545,0.892985,0.112640,-0.380048,0.083259,0.000045,1
0.049063,0.001593,0.064168,0.078068,0.088694,0.103581,0.125622,0.161136,0.227054,0.389255,1.000000,0.522980,0.124183,-0.296108,0.094735,0.001281,5
0.057794,0.000666,0.058159,0.071722,0.082295,0.097395,0.120402,0.159227,0.237680,0.475665,1.000000,0.385655,0.130633,-0.195624,0.107422,0.001186,5
0.064618,-0.000493,0.053055,0.066850,0.077908,0.094208,0.120293,0.168120,0.282650,0.908420,0.819845,0.291654,0.129003,-0.074766,0.121227,0.000060,5
0.051002,-0.001798,0.048684,0.063083,0.075087,0.093615,0.125550,0.192779,0.421915,1.000000,0.436343,0.235692,0.124480,0.061874,0.135919,-0.000103,5
0.028352,-0.002898,0.046314,0.062777,0.077486,0.102214,0.151821,0.299406,1.000000,0.566635,0.281414,0.188143,0.114891,0.183884,0.152381,0.000498,5
0.014068,-0.003397,0.046042,0.064613,0.082194,0.114108,0.188888,0.560420,1.000000,0.386555,0.232711,0.167372,0.108922,-0.103086,0.159598,-0.000084,1
0.010281,-0.003790,0.044131,0.062571,0.080338,0.113401,0.195238,0.721145,0.941245,0.364797,0.227314,0.166011,0.109612,-0.070406,0.170316,0.000674,5
0.004989,-0.003966,0.044063,0.063433,0.082602,0.119679,0.220196,1.000000,0.732160,0.331072,0.214954,0.160040,0.107683,0.015942,0.181324,-0.000026,1
0.004499,-0.004130,0.042978,0.061962,0.080799,0.117373,0.217464,1.000000,0.725180,0.331765,0.216149,0.161199,0.108644,0.084800,0.193164,-0.000100,1
0.003014,-0.004277,0.042233,0.061163,0.080097,0.117302,0.222212,1.000000,0.688855,0.325822,0.214442,0.160722,0.108866,0.155434,0.205232,-0.000218,1
0.002460,-0.004382,0.041579,0.060317,0.079117,0.116230,0.222107,1.000000,0.678785,0.324833,0.214576,0.161115,0.109333,-0.068322,0.215964,-0.000023,1
0.002771,-0.004465,0.040895,0.059269,0.077672,0.113906,0.216600,1.000000,0.691175,0.328617,0.216630,0.162493,0.110154,-0.052468,0.219254,0.000086,1
0.003254,-0.004600,0.039797,0.057592,0.075369,0.110231,0.208047,1.000000,0.711325,0.334712,0.219939,0.164713,0.111479,-0.020226,0.228640,0.000051,1
0.003255,-0.004724,0.038884,0.056270,0.073638,0.107698,0.203264,1.000000,0.717400,0.337562,0.221810,0.166113,0.112427,-0.045814,0.228430,0.000000,0
0.003248,-0.004856,0.037909,0.054860,0.071794,0.105007,0.198206,1.000000,0.723645,0.340553,0.223785,0.167596,0.113433,-0.057598,0.225510,-0.000001,0
0.003085,0.003337,0.084742,0.105784,0.120332,0.138386,0.162575,0.198843,0.258473,0.373241,0.680645,1.000000,0.059683,-0.811504,-0.000001,0.000006,1
0.003085,0.003337,0.084742,0.105784,0.120332,0.138386,0.162575,0.198843,0.258473,0.373241,0.680645,1.000000,0.059683,-0.377038,-0.000001,0.000006,1
0.003085,0.003337,0.084742,0.105784,0.120332,0.138386,0.162575,0.198843,0.258473,0.373241,0.680645,1.000000,0.059683,0.760282,-0.000001,0.000006,1
0.003085,0.003337,0.084742,0.105784,0.120332,0.138386,0.162575,0.198843,0.258473,0.373241,0.680645,1.000000,0.059683,0.916790,-0.000001,0.000006,1
0.003670,0.003337,0.084566,0.105511,0.119992,0.137967,0.161968,0.197904,0.256844,0.369788,0.669120,1.000000,0.059986,-0.811504,0.000798,0.000041,1
0.005014,0.003333,0.084142,0.104863,0.119190,0.136980,0.160808,0.196483,0.254992,0.367101,0.664160,1.000000,0.060751,-0.811504,0.011763,0.000007,1
0.008330,0.003314,0.083063,0.103234,0.117185,0.134532,0.157936,0.192976,0.250447,0.360579,0.652450,1.000000,0.062860,-0.720514,0.022189,0.000008,5
0.009314,0.003297,0.082687,0.102691,0.116527,0.133875,0.158032,0.194633,0.255834,0.377368,0.729430,1.000000,0.063655,-0.598098,0.032921,0.000213,1
0.013561,0.003229,0.081116,0.100413,0.113767,0.130896,0.155342,0.192819,0.256706,0.388325,0.809575,1.000000,0.067311,-0.435700,0.047151,0.000801,5
0.020364,0.003087,0.078522,0.096712,0.109338,0.126343,0.150972,0.189317,0.256390,0.401798,0.944860,0.623335,0.074855,-0.178060,0.067185,0.000431,5
0.025163,0.002834,0.075940,0.093292,0.106068,0.123992,0.150583,0.193571,0.273824,0.473912,1.000000,0.339707,0.083696,-0.335522,0.080286,0.000038,5
0.029240,0.002468,0.072997,0.090374,0.103976,0.123505,0.153504,0.204811,0.311194,0.657950,1.000000,0.247103,0.089071,-0.326296,0.090003,0.001216,5
0.036845,0.001961,0.069091,0.086948,0.101237,0.122259,0.155798,0.216968,0.361757,1.000000,0.626145,0.214803,0.093961,-0.234190,0.102080,0.001173,5
0.039677,0.001286,0.067464,0.087513,0.104256,0.130147,0.174916,0.269764,0.599295,1.000000,0.314315,0.171283,0.090920,-0.133444,0.114894,0.001205,5
0.031274,0.000559,0.067969,0.091538,0.112382,0.146967,0.214659,0.403651,1.000000,0.464578,0.217448,0.142652,0.085803,-0.033192,0.128396,0.000005,1
0.025012,-0.000168,0.065092,0.088902,0.110443,0.147236,0.223341,0.469699,1.000000,0.397983,0.209276,0.142700,0.088576,0.119360,0.144497,0.000875,5
0.007384,-0.000589,0.067870,0.097022,0.125516,0.179640,0.320113,1.000000,0.620245,0.263407,0.168021,0.124045,0.082769,-0.128660,0.158808,0.000690,5
0.001165,-0.000650,0.069680,0.101490,0.133640,0.197802,0.386127,1.000000,0.478262,0.234878,0.156451,0.117962,0.080388,-0.057588,0.166799,-0.000023,1
0.001211,-0.000686,0.069395,0.101061,0.133056,0.196884,0.384032,1.000000,0.480708,0.235869,0.157065,0.118407,0.080680,-0.007430,0.178188,0.000037,1
0.001252,-0.000725,0.069090,0.100602,0.132435,0.195919,0.381884,1.000000,0.483208,0.236907,0.157716,0.118882,0.080993,0.050020,0.189949,0.000027,1
0.001254,-0.000766,0.068783,0.100157,0.131849,0.195050,0.380181,1.000000,0.485076,0.237817,0.158320,0.119338,0.081303,0.134484,0.201054,-0.000023,1
0.000949,-0.000815,0.068536,0.099892,0.131620,0.195062,0.382191,1.000000,0.481732,0.237566,0.158457,0.119555,0.081532,0.205156,0.214262,-0.000071,1
0.000758,-0.000852,0.068326,0.099646,0.131373,0.194917,0.383170,1.000000,0.479995,0.237567,0.158648,0.119771,0.081730,-0.063066,0.218046,-0.000084,1
0.000165,-0.000877,0.068358,0.099880,0.131920,0.196427,0.390198,1.000000,0.470809,0.235596,0.157908,0.119433,0.081654,-0.031016,0.226198,-0.000111,1
-0.000500,-0.000876,0.068619,0.100475,0.132980,0.198814,0.399763,1.000000,0.459691,0.232792,0.156659,0.118732,0.081346,0.004286,0.234458,-0.000099,1
-0.001107,-0.000844,0.069089,0.101360,0.134409,0.201712,0.410275,1.000000,0.448730,0.229647,0.155102,0.117770,0.080842,0.047498,0.243438,-0.000087,1
-0.001364,-0.000792,0.069576,0.102160,0.135580,0.203801,0.416591,1.000000,0.442669,0.227534,0.153907,0.116953,0.080346,0.097012,0.251870,-0.000051,1
-0.001443,-0.000731,0.070072,0.102915,0.136617,0.205462,0.420629,1.000000,0.438959,0.225925,0.152888,0.116206,0.079853,0.081064,0.259020,-0.000038,0
0.003085,0.003337,0.084742,0.105784,0.120332,0.138386,0.162575,0.198843,0.258473,0.373241,0.680645,1.000000,0.059683,-0.811504,-0.000001,0.000006,1
0.003085,0.003337,0.084742,0.105784,0.120332,0.138386,0.162575,0.198843,0.258473,0.373241,0.680645,1.000000,0.059683,-0.130942,-0.000001,0.000006,1
0.003085,0.003337,0.084742,0.105784,0.120332,0.138386,0.162575,0.198843,0.258473,0.373241,0.680645,1.000000,0.059683,0.916790,-0.000001,0.000006,1
0.003085,0.003337,0.084742,0.105784,0.120332,0.138386,0.162575,0.198843,0.258473,0.373241,0.680645,1.000000,0.059683,0.916790,-0.000001,0.000006,1
0.003711,0.003337,0.084556,0.105494,0.119970,0.137939,0.161936,0.197865,0.256793,0.369718,0.669000,1.000000,0.060005,-0.811504,0.002127,0.000004,1
0.005306,0.003331,0.084046,0.104718,0.119011,0.136762,0.160558,0.196188,0.254632,0.366644,0.663620,1.000000,0.060930,-0.811504,0.013108,0.000005,1
0.007567,0.003318,0.083311,0.103608,0.117644,0.135117,0.158939,0.194758,0.253913,0.368710,0.682440,1.000000,0.062354,-0.711644,0.023996,0.000009,1
0.011762,0.003274,0.081867,0.101472,0.115034,0.132035,0.155642,0.191300,0.250630,0.367354,0.697515,1.000000,0.065496,-0.572296,0.035577,0.000625,5
0.016303,0.003196,0.080186,0.099046,0.112101,0.128864,0.152761,0.189307,0.251354,0.378186,0.775290,1.000000,0.069799,-0.386460,0.050883,0.000007,1
0.024738,0.002963,0.076736,0.094221,0.106370,0.122736,0.146370,0.182999,0.246586,0.382351,0.865415,0.839920,0.081565,-0.085734,0.072509,0.001046,5
0.032835,0.002571,0.072701,0.088842,0.100695,0.117228,0.141543,0.180317,0.250979,0.417943,1.000000,0.467139,0.096488,-0.373018,0.083774,0.001187,5
0.035265,0.002096,0.069647,0.086075,0.098917,0.117311,0.145469,0.193352,0.291530,0.601560,1.000000,0.280230,0.098479,-0.292606,0.094795,0.001279,1
0.046558,0.001361,0.064057,0.080138,0.092907,0.111524,0.140814,0.192961,0.310192,0.806010,0.948450,0.260387,0.107481,-0.191318,0.107737,0.001164,5
0.052555,0.000432,0.060663,0.077848,0.091975,0.113423,0.149399,0.221262,0.432679,1.000000,0.427664,0.210444,0.105794,-0.037040,0.121254,0.000182,1
0.040488,-0.000687,0.057646,0.076175,0.092083,0.117520,0.164097,0.275305,0.874850,0.846945,0.298640,0.182122,0.103798,0.022138,0.136254,0.000926,5
0.026282,-0.001508,0.055899,0.076124,0.094333,0.125245,0.188423,0.386152,1.000000,0.469888,0.242060,0.163859,0.101091,0.147608,0.152447,0.000694,5
0.010288,-0.001920,0.057416,0.081406,0.104519,0.147528,0.253972,0.937595,0.813960,0.315385,0.196511,0.143512,0.094754,-0.104092,0.159140,0.000009,1
0.009724,-0.002221,0.055436,0.078723,0.101220,0.143247,0.248181,0.955090,0.808430,0.319387,0.199952,0.146342,0.096824,-0.043960,0.170112,-0.000097,1
0.009374,-0.002515,0.053435,0.075956,0.097749,0.138562,0.241032,0.953235,0.812185,0.324617,0.203815,0.149367,0.098953,-0.002048,0.181567,0.000107,1
0.009308,-0.002809,0.051351,0.073007,0.093971,0.133248,0.231966,0.922235,0.828315,0.331780,0.208425,0.152783,0.101240,0.058332,0.192544,-0.000085,1
0.008542,-0.003148,0.049124,0.069991,0.090269,0.128466,0.225677,0.957565,0.816405,0.335046,0.211787,0.155693,0.103457,0.126866,0.205508,0.000056,1
0.008583,-0.003477,0.046758,0.066612,0.085902,0.122228,0.214613,0.907310,0.838585,0.343717,0.217197,0.159647,0.106067,-0.076404,0.214116,-0.000063,1
0.008459,-0.003807,0.044421,0.063306,0.081665,0.116267,0.204453,0.874055,0.853605,0.351210,0.222152,0.163364,0.108586,-0.050882,0.219898,0.000043,1
0.008647,-0.004150,0.041921,0.059711,0.076988,0.109510,0.192136,0.807670,0.883410,0.361370,0.228234,0.167720,0.111405,-0.024570,0.228128,-0.000002,1
